product_id,product_name,category,price,cost,margin_percent,launch_date
PROD_0362,Kids Racket,Sports & Outdoors,724.45,520.9,28.1,2023-01-26
PROD_0074,Mccoy Ltd Phone,Electronics,1019.05,759.35,25.5,2021-12-07
PROD_0375,Kids Equipment,Sports & Outdoors,132.3,97.42,26.4,2021-01-26
PROD_0156,Premium Jacket,Clothing,248.53,200.89,19.2,2023-09-16
PROD_0105,Classic Shirt,Clothing,103.9,75.95,26.9,2024-07-18
PROD_0395,Amateur Gear,Sports & Outdoors,625.19,501.05,19.9,2022-04-09
PROD_0378,Amateur Gear,Sports & Outdoors,524.9,429.94,18.1,2021-12-23
PROD_0125,Sport Jacket,Clothing,162.51,114.65,29.5,2021-04-12
PROD_0069,Jordan Inc Tablet,Electronics,1700.49,1199.03,29.5,2020-11-25
PROD_0451,Assimilated neutral task-force Game,Books & Media,99.87,74.14,25.8,2024-01-21
PROD_0010,Everett LLC Speaker,Electronics,1440.81,1195.11,17.1,2022-03-30
PROD_0195,Sport Dress,Clothing,59.67,45.12,24.4,2024-01-01
PROD_0407,Down-sized secondary attitude DVD,Books & Media,11.77,8.86,24.7,2024-03-26
PROD_0085,Cox Ltd Phone,Electronics,162.4,131.72,18.9,2021-06-26
PROD_0372,Amateur Ball,Sports & Outdoors,389.29,300.24,22.9,2023-05-01
PROD_0389,Pro Gear,Sports & Outdoors,27.87,22.76,18.3,2024-06-25
PROD_0496,Multi-tiered scalable attitude Game,Books & Media,30.11,22.07,26.7,2023-04-04
PROD_0031,Gross-Munoz Tablet,Electronics,1043.04,756.07,27.5,2021-12-12
PROD_0317,Kids Bike,Sports & Outdoors,279.21,237.27,15.0,2021-08-11
PROD_0409,Up-sized maximized monitoring Magazine,Books & Media,30.62,24.38,20.4,2021-10-04
PROD_0491,Decentralized cohesive array Magazine,Books & Media,42.12,34.46,18.2,2021-07-10
PROD_0492,Virtual full-range implementation Game,Books & Media,71.87,58.71,18.3,2022-11-19
PROD_0281,Standard Lamp,Home & Garden,92.55,70.54,23.8,2022-12-28
PROD_0357,Pro Bike,Sports & Outdoors,68.75,57.4,16.5,2022-12-27
PROD_0077,Hanson and Sons Phone,Electronics,1203.16,986.15,18.0,2023-09-21
PROD_0462,Right-sized modular initiative Game,Books & Media,13.48,11.33,15.9,2024-06-26
PROD_0498,Centralized scalable utilization DVD,Books & Media,79.58,57.39,27.9,2022-05-02
PROD_0212,Deluxe Tool,Home & Garden,141.44,102.97,27.2,2021-07-18
PROD_0102,Sport Shirt,Clothing,197.0,147.89,24.9,2023-01-27
PROD_0335,Pro Racket,Sports & Outdoors,248.35,178.53,28.1,2022-11-29
PROD_0476,Down-sized 24/7 array Magazine,Books & Media,45.76,37.7,17.6,2021-09-30
PROD_0337,Pro Gear,Sports & Outdoors,140.18,107.17,23.5,2021-03-16
PROD_0441,Reactive foreground orchestration Game,Books & Media,100.34,71.76,28.5,2022-10-16
PROD_0174,Premium Dress,Clothing,210.0,171.33,18.4,2023-03-27
PROD_0003,"Jennings, Hansen and Figueroa Tablet",Electronics,1709.67,1202.21,29.7,2022-01-10
PROD_0334,Amateur Gear,Sports & Outdoors,425.08,358.98,15.6,2022-09-18
PROD_0410,Robust modular support Book,Books & Media,63.1,45.47,27.9,2022-12-31
PROD_0071,"Ewing, Ruiz and Lee Tablet",Electronics,1195.06,970.78,18.8,2023-12-08
PROD_0210,Compact Table,Home & Garden,491.15,355.85,27.5,2023-01-18
PROD_0064,James and Sons Tablet,Electronics,277.37,227.81,17.9,2022-04-27
PROD_0385,Pro Gear,Sports & Outdoors,237.61,200.7,15.5,2024-07-20
PROD_0094,Smith-Williams Phone,Electronics,359.85,297.02,17.5,2021-12-18
PROD_0486,Diverse client-driven toolset DVD,Books & Media,88.94,64.34,27.7,2020-09-06
PROD_0186,Premium Jeans,Clothing,40.53,33.72,16.8,2024-02-26
PROD_0034,"Murphy, Martin and Mueller Phone",Electronics,130.4,105.35,19.2,2022-02-09
PROD_0078,"Stephenson, Williams and Jordan Camera",Electronics,243.21,202.24,16.8,2022-05-13
PROD_0001,Castillo-Diaz Laptop,Electronics,932.32,700.42,24.9,2022-02-07
PROD_0012,Barrett and Sons Laptop,Electronics,630.95,453.17,28.2,2020-10-03
PROD_0416,De-engineered systemic initiative Book,Books & Media,83.86,67.93,19.0,2023-04-11
PROD_0023,Diaz LLC Camera,Electronics,1812.26,1299.36,28.3,2024-08-04
PROD_0073,Dunn-Young Speaker,Electronics,1892.19,1514.88,19.9,2021-12-21
PROD_0183,Sport Jacket,Clothing,42.47,35.39,16.7,2021-11-21
PROD_0132,Sport Shirt,Clothing,109.38,88.05,19.5,2023-11-06
PROD_0411,Versatile zero tolerance budgetary management DVD,Books & Media,72.7,55.58,23.5,2022-09-03
PROD_0194,Sport Shoes,Clothing,313.77,266.03,15.2,2022-05-03
PROD_0056,Graham and Sons Laptop,Electronics,535.09,377.08,29.5,2023-04-11
PROD_0149,Classic Shoes,Clothing,50.18,35.59,29.1,2024-10-29
PROD_0019,Johnson PLC Laptop,Electronics,1708.69,1275.46,25.4,2021-10-02
PROD_0205,Compact Chair,Home & Garden,146.48,114.79,21.6,2022-05-07
PROD_0079,Faulkner-Jimenez Camera,Electronics,1542.8,1117.48,27.6,2022-05-22
PROD_0495,Multi-lateral global ability Game,Books & Media,47.82,39.55,17.3,2021-04-16
PROD_0263,Standard Tool,Home & Garden,173.28,130.76,24.5,2021-04-13
PROD_0324,Kids Equipment,Sports & Outdoors,607.47,435.41,28.3,2024-01-02
PROD_0484,Operative context-sensitive parallelism DVD,Books & Media,26.85,20.93,22.0,2023-09-12
PROD_0080,Henderson-Perry Tablet,Electronics,813.76,587.83,27.8,2023-05-26
PROD_0040,Gonzales-Bradley Tablet,Electronics,633.56,505.69,20.2,2022-04-13
PROD_0452,Public-key executive intranet DVD,Books & Media,59.97,49.37,17.7,2023-03-07
PROD_0047,Burgess-Shepard Laptop,Electronics,1105.42,792.51,28.3,2021-09-04
PROD_0239,Deluxe Lamp,Home & Garden,184.74,155.87,15.6,2024-05-26
PROD_0392,Amateur Racket,Sports & Outdoors,608.43,436.81,28.2,2024-07-01
PROD_0353,Kids Gear,Sports & Outdoors,316.47,262.92,16.9,2024-02-05
PROD_0342,Pro Gear,Sports & Outdoors,165.01,119.71,27.5,2021-05-25
PROD_0278,Deluxe Table,Home & Garden,365.42,284.43,22.2,2023-12-18
PROD_0291,Standard Tool,Home & Garden,400.74,295.31,26.3,2023-10-12
PROD_0318,Amateur Gear,Sports & Outdoors,580.17,449.07,22.6,2023-10-03
PROD_0305,Amateur Gear,Sports & Outdoors,545.07,459.29,15.7,2024-09-06
PROD_0269,Compact Lamp,Home & Garden,292.17,227.44,22.2,2021-09-03
PROD_0070,Flores LLC Phone,Electronics,1337.01,1069.37,20.0,2023-11-01
PROD_0456,Front-line interactive knowledge user DVD,Books & Media,77.12,65.36,15.2,2021-11-23
PROD_0466,Total upward-trending model Game,Books & Media,13.39,10.56,21.1,2022-05-15
PROD_0155,Sport Jeans,Clothing,74.08,56.03,24.4,2021-03-04
PROD_0083,"West, Cline and Larsen Tablet",Electronics,642.22,460.57,28.3,2021-05-30
PROD_0478,Grass-roots directional toolset Magazine,Books & Media,113.52,87.4,23.0,2022-10-31
PROD_0173,Sport Jacket,Clothing,91.23,77.44,15.1,2024-02-23
PROD_0322,Kids Ball,Sports & Outdoors,615.79,463.11,24.8,2024-09-20
PROD_0091,Taylor-Wood Phone,Electronics,1293.47,1012.38,21.7,2022-12-10
PROD_0181,Classic Jeans,Clothing,199.36,166.01,16.7,2022-03-06
PROD_0415,Balanced bifurcated flexibility DVD,Books & Media,51.46,40.33,21.6,2021-12-17
PROD_0313,Kids Ball,Sports & Outdoors,816.66,604.18,26.0,2024-09-03
PROD_0279,Standard Lamp,Home & Garden,406.86,326.15,19.8,2020-09-28
PROD_0382,Kids Racket,Sports & Outdoors,451.23,364.22,19.3,2023-09-23
PROD_0473,Object-based holistic intranet Book,Books & Media,81.06,61.37,24.3,2021-07-08
PROD_0363,Kids Racket,Sports & Outdoors,637.83,493.1,22.7,2023-06-26
PROD_0325,Amateur Ball,Sports & Outdoors,186.61,134.33,28.0,2024-05-27
PROD_0432,Re-engineered logistical process improvement Magazine,Books & Media,70.18,59.55,15.1,2023-06-21
PROD_0348,Amateur Equipment,Sports & Outdoors,26.04,21.43,17.7,2023-03-10
PROD_0087,Pineda-Simmons Tablet,Electronics,1198.92,898.91,25.0,2023-07-14
PROD_0076,Warren PLC Phone,Electronics,1188.29,944.82,20.5,2023-06-15
PROD_0439,Progressive local encryption Book,Books & Media,5.16,3.86,25.2,2021-03-11
PROD_0016,Drake and Sons Phone,Electronics,1118.57,809.58,27.6,2024-04-21
